{
  "no_processing": {
    "movielite": {
      "success": true,
      "time": 6.340750217437744,
      "error": null
    },
    "moviepy": {
      "success": true,
      "time": 6.710212230682373,
      "error": null
    },
    "speedup": 1.0582678706107314
  },
  "video_zoom": {
    "movielite": {
      "success": true,
      "time": 9.519249200820923,
      "error": null
    },
    "moviepy": {
      "success": true,
      "time": 31.805400609970093,
      "error": null
    },
    "speedup": 3.3411669280837035
  },
  "fade": {
    "movielite": {
      "success": true,
      "time": 8.528115034103394,
      "error": null
    },
    "moviepy": {
      "success": true,
      "time": 9.02563738822937,
      "error": null
    },
    "speedup": 1.0583390763534986
  },
  "text_overlay": {
    "movielite": {
      "success": true,
      "time": 7.81951117515564,
      "error": null
    },
    "moviepy": {
      "success": true,
      "time": 35.34514021873474,
      "error": null
    },
    "speedup": 4.520121453503931
  },
  "video_overlay": {
    "movielite": {
      "success": true,
      "time": 18.222970485687256,
      "error": null
    },
    "moviepy": {
      "success": true,
      "time": 75.47067475318909,
      "error": null
    },
    "speedup": 4.141513306651378
  },
  "alpha_overlay": {
    "movielite": {
      "success": true,
      "time": 10.742781639099121,
      "error": null
    },
    "moviepy": {
      "success": true,
      "time": 42.11478781700134,
      "error": null
    },
    "speedup": 3.920287057099026
  },
  "complex_mix": {
    "movielite": {
      "success": true,
      "time": 38.07037019729614,
      "error": null
    },
    "moviepy": {
      "success": true,
      "time": 175.3148181438446,
      "error": null
    },
    "speedup": 4.605020051953577
  }
}